acct_no,pay_dt,amt_recd,emi_due,brnch,mode,receipt_no
LN100001,09/10/2025,49078,49078,"Bengaluru - Indiranagar",NEFT,RCP600000
LN100002,07/14/2025,53340,53340,"Hyderabad - Gachibowli",NEFT,RCP600001
LN100002,08/13/2025,53340,53340,"Hyderabad - Gachibowli",Cash,RCP600002
LN100003,08/15/2025,35502,35502,"Pune - Kothrud",UPI,RCP600003
LN100003,09/14/2025,35502,35502,"Pune - Kothrud",UPI,RCP600004
LN100003,10/14/2025,35502,35502,"Pune - Kothrud",Cash,RCP600005
LN100003,11/13/2025,35502,35502,"Pune - Kothrud",ACH,RCP600006
LN100004,07/15/2024,57671,57671,"Hyderabad - Gachibowli",Auto Debit,RCP600007
LN100004,08/14/2024,"57,671",57671,"Hyderabad - Gachibowli",Auto Debit,RCP600008
LN100004,09/13/2024,57671,57671,"Hyderabad - Gachibowli",Auto Debit,RCP600009
LN100004,10/13/2024,57671,57671,"Hyderabad - Gachibowli",Cheque,RCP600010
LN100005,11/17/2024,"34,702",34702,"Chennai - T Nagar",Auto Debit,RCP600011
LN100006,11/08/2025,10945,21889,"Bengaluru - Whitefield",Cheque,RCP600012
LN100006,12/08/2025,"21,889",21889,"Bengaluru - Whitefield",ACH,RCP600013
LN100007,08/21/2024,13373,13373,"Pune - Kothrud",ACH,RCP600014
LN100007,09/20/2024,13373,13373,"Pune - Kothrud",Cash,RCP600015
LN100007,10/20/2024,"13,373",13373,"Pune - Kothrud",NEFT,RCP600016
LN100008,04/15/2024,"78,434",78434,"Mumbai - Andheri",Cheque,RCP600017
LN100008,05/15/2024,39217,78434,"Mumbai - Andheri",Cheque,RCP600018
LN100009,05/31/2024,"1,28,979",128979,"Bengaluru - Whitefield",NEFT,RCP600019
LN100009,06/30/2024,128979,128979,"Bengaluru - Whitefield",NEFT,RCP600020
LN100009,07/30/2024,"1,28,979",128979,"Bengaluru - Whitefield",Cash,RCP600021
LN100009,08/29/2024,128979,128979,"Bengaluru - Whitefield",ACH,RCP600022
LN100010,08/08/2025,86229,86229,"Mumbai - Andheri",Cash,RCP600023
LN100010,09/07/2025,86229,86229,"Mumbai - Andheri",UPI,RCP600024
LN100011,04/03/2024,96798,96798,"Lucknow - Hazratganj",Cheque,RCP600025
LN100011,05/03/2024,96798,96798,"Lucknow - Hazratganj",Auto Debit,RCP600026
LN100012,08/15/2025,"1,19,155",119155,"Pune - Kothrud",Auto Debit,RCP600027
LN100013,06/15/2024,"47,197",47197,"Chennai - T Nagar",Cheque,RCP600028
LN100013,07/15/2024,47197,47197,"Chennai - T Nagar",UPI,RCP600029
LN100013,08/14/2024,47197,47197,"Chennai - T Nagar",Cheque,RCP600030
LN100015,09/15/2025,100403,100403,"Lucknow - Hazratganj",ACH,RCP600031
LN100015,10/15/2025,100403,100403,"Lucknow - Hazratganj",Cash,RCP600032
LN100015,11/14/2025,100403,100403,"Lucknow - Hazratganj",Cheque,RCP600033
LN100016,07/05/2024,35566,35566,"Bengaluru - Whitefield",Auto Debit,RCP600034
LN100016,08/04/2024,35566,35566,"Bengaluru - Whitefield",Cash,RCP600035
LN100017,06/04/2025,"1,55,467",155467,"Bengaluru - Indiranagar",ACH,RCP600036
LN100019,03/28/2024,63834,63834,"Hyderabad - Gachibowli",NEFT,RCP600037
LN100019,04/27/2024,63834,63834,"Hyderabad - Gachibowli",Cash,RCP600038
LN100019,05/27/2024,63834,63834,"Hyderabad - Gachibowli",Cash,RCP600039
LN100019,06/26/2024,"63,834",63834,"Hyderabad - Gachibowli",Cheque,RCP600040
LN100020,10/10/2025,124494,124494,"Chennai - T Nagar",UPI,RCP600041
LN100020,11/09/2025,124494,124494,"Chennai - T Nagar",Auto Debit,RCP600042
LN100020,12/09/2025,"1,24,494",124494,"Chennai - T Nagar",UPI,RCP600043
LN100021,05/18/2025,20952,20952,"Chennai - T Nagar",NEFT,RCP600044
LN100021,06/17/2025,"20,952",20952,"Chennai - T Nagar",Cash,RCP600045
LN100021,07/17/2025,20952,20952,"Chennai - T Nagar",Cheque,RCP600046
LN100021,08/16/2025,20952,20952,"Chennai - T Nagar",UPI,RCP600047
LN100022,01/19/2025,50437,50437,"Pune - Kothrud",ACH,RCP600048
LN100022,02/18/2025,"50,437",50437,"Pune - Kothrud",Auto Debit,RCP600049
LN100022,03/20/2025,50437,50437,"Pune - Kothrud",Cheque,RCP600050
LN100022,04/19/2025,50437,50437,"Pune - Kothrud",Cash,RCP600051
LN100023,04/14/2024,29058,29058,"Mumbai - Andheri",NEFT,RCP600052
LN100024,12/16/2025,57153,57153,"Jaipur - Malviya Nagar",ACH,RCP600053
LN100025,08/31/2025,50215,50215,"Pune - Hinjewadi",NEFT,RCP600054
LN100025,09/30/2025,50215,50215,"Pune - Hinjewadi",Cash,RCP600055
LN100025,10/30/2025,50215,50215,"Pune - Hinjewadi",Cash,RCP600056
LN100026,07/28/2024,"48,781",48781,"Mumbai - Andheri",UPI,RCP600057
LN100026,08/27/2024,48781,48781,"Mumbai - Andheri",Auto Debit,RCP600058
LN100027,03/25/2025,11707,11707,"Bengaluru - Whitefield",Auto Debit,RCP600059
LN100028,11/14/2025,126036,126036,"Pune - Kothrud",Auto Debit,RCP600060
LN100028,12/14/2025,126036,126036,"Pune - Kothrud",Cheque,RCP600061
LN100029,10/22/2024,"0",13616,"Jaipur - Malviya Nagar",ACH,RCP600062
LN100029,11/21/2024,13616,13616,"Jaipur - Malviya Nagar",Auto Debit,RCP600063
LN100029,12/21/2024,"13,616",13616,"Jaipur - Malviya Nagar",Cash,RCP600064
LN100029,01/20/2025,0,13616,"Jaipur - Malviya Nagar",Cheque,RCP600065
LN100030,06/05/2025,16022,16022,"Lucknow - Hazratganj",NEFT,RCP600066
LN100031,12/18/2024,9595,9595,"Bengaluru - Whitefield",Auto Debit,RCP600067
LN100032,06/13/2025,27592,27592,"Mumbai - Andheri",Auto Debit,RCP600068
LN100032,07/13/2025,27592,27592,"Mumbai - Andheri",UPI,RCP600069
LN100032,08/12/2025,27592,27592,"Mumbai - Andheri",NEFT,RCP600070
LN100032,09/11/2025,27592,27592,"Mumbai - Andheri",Cheque,RCP600071
LN100033,08/17/2025,93660,93660,"Bengaluru - Indiranagar",Auto Debit,RCP600072
LN100034,06/24/2024,2583,5165,"Pune - Hinjewadi",Auto Debit,RCP600073
LN100034,07/24/2024,"5,165",5165,"Pune - Hinjewadi",Cash,RCP600074
LN100034,08/23/2024,"2,583",5165,"Pune - Hinjewadi",NEFT,RCP600075
LN100034,09/22/2024,5165,5165,"Pune - Hinjewadi",NEFT,RCP600076
LN100035,07/12/2024,"1,06,653",106653,"Mumbai - Bandra",NEFT,RCP600077
LN100035,08/11/2024,106653,106653,"Mumbai - Bandra",Cash,RCP600078
LN100036,01/20/2025,16128,16128,"Mumbai - Bandra",Cash,RCP600079
LN100036,02/19/2025,"16,128",16128,"Mumbai - Bandra",ACH,RCP600080
LN100036,03/21/2025,16128,16128,"Mumbai - Bandra",Cash,RCP600081
LN100036,04/20/2025,16128,16128,"Mumbai - Bandra",UPI,RCP600082
LN100037,09/03/2024,26419,26419,"Jaipur - Malviya Nagar",Auto Debit,RCP600083
LN100037,10/03/2024,26419,26419,"Jaipur - Malviya Nagar",NEFT,RCP600084
LN100037,11/02/2024,"26,419",26419,"Jaipur - Malviya Nagar",Auto Debit,RCP600085
LN100038,08/06/2024,"1,44,170",144170,"Pune - Kothrud",Cheque,RCP600086
LN100038,09/05/2024,"1,44,170",144170,"Pune - Kothrud",NEFT,RCP600087
LN100039,04/30/2024,"61,589",123178,"Lucknow - Hazratganj",ACH,RCP600088
LN100039,05/30/2024,123178,123178,"Lucknow - Hazratganj",Cash,RCP600089
LN100039,06/29/2024,123178,123178,"Lucknow - Hazratganj",Cheque,RCP600090
LN100040,01/28/2025,129676,129676,"Lucknow - Hazratganj",ACH,RCP600091
LN100040,02/27/2025,129676,129676,"Lucknow - Hazratganj",Cash,RCP600092
LN100040,03/29/2025,129676,129676,"Lucknow - Hazratganj",Cheque,RCP600093
LN100041,11/02/2025,"27,836",27836,"Jaipur - Malviya Nagar",Auto Debit,RCP600094
LN100041,12/02/2025,27836,27836,"Jaipur - Malviya Nagar",NEFT,RCP600095
LN100042,11/13/2024,66454,66454,"Bengaluru - Whitefield",Cheque,RCP600096
LN100042,12/13/2024,66454,66454,"Bengaluru - Whitefield",ACH,RCP600097
LN100042,01/12/2025,66454,66454,"Bengaluru - Whitefield",ACH,RCP600098
LN100042,02/11/2025,66454,66454,"Bengaluru - Whitefield",Auto Debit,RCP600099
LN100043,02/21/2024,33593,33593,"Mumbai - Andheri",ACH,RCP600100
LN100043,03/22/2024,33593,33593,"Mumbai - Andheri",ACH,RCP600101
LN100043,04/21/2024,33593,33593,"Mumbai - Andheri",ACH,RCP600102
LN100043,05/21/2024,33593,33593,"Mumbai - Andheri",Auto Debit,RCP600103
LN100044,09/17/2024,142464,142464,"Lucknow - Hazratganj",NEFT,RCP600104
LN100044,10/17/2024,142464,142464,"Lucknow - Hazratganj",Auto Debit,RCP600105
LN100045,03/08/2025,"54,621",54621,"Mumbai - Andheri",UPI,RCP600106
LN100045,04/07/2025,54621,54621,"Mumbai - Andheri",Cheque,RCP600107
LN100046,05/08/2024,226170,226170,"Mumbai - Bandra",NEFT,RCP600108
LN100046,06/07/2024,226170,226170,"Mumbai - Bandra",ACH,RCP600109
LN100046,07/07/2024,"2,26,170",226170,"Mumbai - Bandra",Cheque,RCP600110
LN100047,12/12/2025,74486,74486,"Bengaluru - Indiranagar",Auto Debit,RCP600111
LN100048,11/15/2025,113879,113879,"Chennai - T Nagar",Auto Debit,RCP600112
LN100048,12/15/2025,113879,113879,"Chennai - T Nagar",ACH,RCP600113
LN100050,03/12/2024,25246,25246,"Jaipur - Malviya Nagar",Cash,RCP600114
LN100051,10/02/2025,101445,101445,"Bengaluru - Whitefield",Cash,RCP600115
LN100051,11/01/2025,101445,101445,"Bengaluru - Whitefield",Cheque,RCP600116
LN100051,12/01/2025,101445,101445,"Bengaluru - Whitefield",ACH,RCP600117
LN100052,10/19/2024,302784,302784,"Mumbai - Bandra",Auto Debit,RCP600118
LN100052,11/18/2024,302784,302784,"Mumbai - Bandra",Cash,RCP600119
LN100053,08/08/2025,31735,31735,"Bengaluru - Whitefield",NEFT,RCP600120
LN100054,02/27/2024,211986,211986,"Pune - Kothrud",ACH,RCP600121
LN100055,04/01/2025,"77,807",77807,"Jaipur - Malviya Nagar",Cheque,RCP600122
LN100055,05/01/2025,77807,77807,"Jaipur - Malviya Nagar",Cash,RCP600123
LN100056,06/24/2025,"30,008",60016,"Bengaluru - Whitefield",NEFT,RCP600124
LN100056,07/24/2025,60016,60016,"Bengaluru - Whitefield",Auto Debit,RCP600125
LN100056,08/23/2025,60016,60016,"Bengaluru - Whitefield",NEFT,RCP600126
LN100057,03/25/2024,"15,432",15432,"Hyderabad - Gachibowli",Cheque,RCP600127
LN100058,05/05/2025,"65,547",65547,"Pune - Hinjewadi",ACH,RCP600128
LN100058,06/04/2025,"65,547",65547,"Pune - Hinjewadi",ACH,RCP600129
LN100058,07/04/2025,65547,65547,"Pune - Hinjewadi",UPI,RCP600130
LN100058,08/03/2025,"65,547",65547,"Pune - Hinjewadi",Cheque,RCP600131
LN100059,04/01/2025,153031,153031,"Hyderabad - Gachibowli",Cheque,RCP600132
LN100060,09/01/2025,13046,13046,"Pune - Kothrud",UPI,RCP600133
LN100060,10/01/2025,13046,13046,"Pune - Kothrud",Cash,RCP600134
LN100060,10/31/2025,13046,13046,"Pune - Kothrud",Cash,RCP600135
LN100061,06/25/2024,7140,7140,"Hyderabad - Gachibowli",NEFT,RCP600136
LN100061,07/25/2024,7140,7140,"Hyderabad - Gachibowli",NEFT,RCP600137
LN100062,10/28/2024,"85,684",171368,"Jaipur - Malviya Nagar",NEFT,RCP600138
LN100062,11/27/2024,"85,684",171368,"Jaipur - Malviya Nagar",UPI,RCP600139
LN100062,12/27/2024,"1,71,368",171368,"Jaipur - Malviya Nagar",NEFT,RCP600140
LN100062,01/26/2025,"1,71,368",171368,"Jaipur - Malviya Nagar",Auto Debit,RCP600141
LN100063,12/23/2025,"7,335",7335,"Mumbai - Bandra",UPI,RCP600142
LN100064,10/02/2025,"31,512",31512,"Hyderabad - Gachibowli",Auto Debit,RCP600143
LN100064,11/01/2025,31512,31512,"Hyderabad - Gachibowli",Cash,RCP600144
LN100064,12/01/2025,31512,31512,"Hyderabad - Gachibowli",NEFT,RCP600145
LN100065,10/06/2024,130456,130456,"Pune - Hinjewadi",Cheque,RCP600146
LN100066,12/30/2024,168448,168448,"Mumbai - Andheri",Cheque,RCP600147
LN100067,11/18/2024,0,38566,"Chennai - T Nagar",Cash,RCP600148
LN100067,12/18/2024,"38,566",38566,"Chennai - T Nagar",Cash,RCP600149
LN100067,01/17/2025,0,38566,"Chennai - T Nagar",Auto Debit,RCP600150
LN100068,04/21/2025,"42,914",85827,"Mumbai - Andheri",NEFT,RCP600151
LN100069,06/14/2025,12047,12047,"Mumbai - Bandra",ACH,RCP600152
LN100069,07/14/2025,"12,047",12047,"Mumbai - Bandra",UPI,RCP600153
LN100069,08/13/2025,12047,12047,"Mumbai - Bandra",UPI,RCP600154
LN100070,07/08/2024,369109,369109,"Lucknow - Hazratganj",UPI,RCP600155
LN100070,08/07/2024,369109,369109,"Lucknow - Hazratganj",NEFT,RCP600156
LN100071,09/07/2025,107945,107945,"Jaipur - Malviya Nagar",UPI,RCP600157
LN100072,04/14/2024,145660,145660,"Hyderabad - Gachibowli",UPI,RCP600158
LN100073,06/30/2025,15195,15195,"Lucknow - Hazratganj",ACH,RCP600159
LN100073,07/30/2025,7598,15195,"Lucknow - Hazratganj",NEFT,RCP600160
LN100073,08/29/2025,15195,15195,"Lucknow - Hazratganj",Auto Debit,RCP600161
LN100075,04/12/2025,114506,114506,"Bengaluru - Whitefield",Cash,RCP600162
LN100075,05/12/2025,114506,114506,"Bengaluru - Whitefield",Cheque,RCP600163
LN100076,07/26/2025,14878,14878,"Lucknow - Hazratganj",Cheque,RCP600164
LN100076,08/25/2025,14878,14878,"Lucknow - Hazratganj",Cash,RCP600165
LN100076,09/24/2025,7439,14878,"Lucknow - Hazratganj",Cash,RCP600166
LN100077,09/11/2025,83925,83925,"Mumbai - Andheri",Auto Debit,RCP600167
LN100077,10/11/2025,83925,83925,"Mumbai - Andheri",UPI,RCP600168
LN100077,11/10/2025,"83,925",83925,"Mumbai - Andheri",ACH,RCP600169
LN100078,12/14/2024,18477,18477,"Chennai - T Nagar",Auto Debit,RCP600170
LN100078,01/13/2025,"0",18477,"Chennai - T Nagar",Auto Debit,RCP600171
LN100078,02/12/2025,18477,18477,"Chennai - T Nagar",ACH,RCP600172
LN100079,12/11/2024,"26,601",26601,"Hyderabad - Gachibowli",NEFT,RCP600173
LN100079,01/10/2025,26601,26601,"Hyderabad - Gachibowli",NEFT,RCP600174
LN100079,02/09/2025,"26,601",26601,"Hyderabad - Gachibowli",Cash,RCP600175
LN100080,02/15/2024,"74,751",74751,"Bengaluru - Indiranagar",UPI,RCP600176
LN100081,12/01/2024,40941,40941,"Lucknow - Hazratganj",Cash,RCP600177
LN100082,04/03/2024,"32,788",32788,"Pune - Hinjewadi",ACH,RCP600178
LN100082,05/03/2024,"32,788",32788,"Pune - Hinjewadi",NEFT,RCP600179
LN100082,06/02/2024,32788,32788,"Pune - Hinjewadi",NEFT,RCP600180
LN100082,07/02/2024,"32,788",32788,"Pune - Hinjewadi",ACH,RCP600181
LN100083,07/14/2025,0,93929,"Bengaluru - Indiranagar",Auto Debit,RCP600182
LN100083,08/13/2025,93929,93929,"Bengaluru - Indiranagar",Cash,RCP600183
LN100084,04/22/2025,403937,403937,"Chennai - T Nagar",Cheque,RCP600184
LN100084,05/22/2025,403937,403937,"Chennai - T Nagar",NEFT,RCP600185
LN100085,09/30/2024,20763,20763,"Hyderabad - Gachibowli",NEFT,RCP600186
LN100085,10/30/2024,20763,20763,"Hyderabad - Gachibowli",NEFT,RCP600187
LN100086,02/10/2025,"40,850",40850,"Jaipur - Malviya Nagar",Auto Debit,RCP600188
LN100086,03/12/2025,40850,40850,"Jaipur - Malviya Nagar",Cash,RCP600189
LN100086,04/11/2025,40850,40850,"Jaipur - Malviya Nagar",Auto Debit,RCP600190
LN100087,08/09/2025,"7,174",7174,"Pune - Kothrud",ACH,RCP600191
LN100088,12/26/2025,45630,45630,"Pune - Hinjewadi",Cash,RCP600192
LN100089,11/30/2024,39425,39425,"Chennai - T Nagar",Cheque,RCP600193
LN100089,12/30/2024,39425,39425,"Chennai - T Nagar",ACH,RCP600194
LN100089,01/29/2025,39425,39425,"Chennai - T Nagar",Cash,RCP600195
LN100090,07/17/2025,5105,5105,"Mumbai - Andheri",Cash,RCP600196
LN100091,09/05/2025,"53,429",53429,"Bengaluru - Indiranagar",NEFT,RCP600197
LN100091,10/05/2025,"26,715",53429,"Bengaluru - Indiranagar",UPI,RCP600198
LN100091,11/04/2025,"53,429",53429,"Bengaluru - Indiranagar",NEFT,RCP600199
LN100091,12/04/2025,53429,53429,"Bengaluru - Indiranagar",Auto Debit,RCP600200
LN100092,08/13/2025,136151,136151,"Pune - Kothrud",Cheque,RCP600201
LN100092,09/12/2025,136151,136151,"Pune - Kothrud",NEFT,RCP600202
LN100092,10/12/2025,136151,136151,"Pune - Kothrud",UPI,RCP600203
LN100093,01/04/2025,123910,123910,"Jaipur - Malviya Nagar",Cheque,RCP600204
LN100093,02/03/2025,123910,123910,"Jaipur - Malviya Nagar",Auto Debit,RCP600205
LN100094,05/08/2025,28998,28998,"Chennai - T Nagar",Cash,RCP600206
LN100094,06/07/2025,28998,28998,"Chennai - T Nagar",NEFT,RCP600207
LN100095,11/06/2025,70192,70192,"Pune - Hinjewadi",UPI,RCP600208
LN100096,08/05/2025,42037,42037,"Lucknow - Hazratganj",Cheque,RCP600209
LN100097,03/01/2024,15135,15135,"Pune - Hinjewadi",Cheque,RCP600210
LN100097,03/31/2024,15135,15135,"Pune - Hinjewadi",Auto Debit,RCP600211
LN100098,10/09/2024,93732,187463,"Bengaluru - Indiranagar",Cash,RCP600212
LN100099,09/03/2025,4512,4512,"Pune - Hinjewadi",Cash,RCP600213
LN100099,10/03/2025,4512,4512,"Pune - Hinjewadi",Cash,RCP600214
LN100099,11/02/2025,4512,4512,"Pune - Hinjewadi",Cheque,RCP600215
LN100099,12/02/2025,4512,4512,"Pune - Hinjewadi",Cash,RCP600216
LN100100,12/26/2024,"1,758",3516,"Pune - Kothrud",UPI,RCP600217
LN100100,01/25/2025,3516,3516,"Pune - Kothrud",UPI,RCP600218
LN100100,02/24/2025,3516,3516,"Pune - Kothrud",Cash,RCP600219
LN100100,03/26/2025,3516,3516,"Pune - Kothrud",NEFT,RCP600220
LN100101,11/24/2025,52217,52217,"Bengaluru - Indiranagar",NEFT,RCP600221
LN100101,12/24/2025,52217,52217,"Bengaluru - Indiranagar",NEFT,RCP600222
LN100102,03/12/2025,18087,18087,"Bengaluru - Indiranagar",Cheque,RCP600223
LN100102,04/11/2025,18087,18087,"Bengaluru - Indiranagar",ACH,RCP600224
LN100102,05/11/2025,9044,18087,"Bengaluru - Indiranagar",Auto Debit,RCP600225
LN100102,06/10/2025,18087,18087,"Bengaluru - Indiranagar",NEFT,RCP600226
LN100103,03/26/2025,37855,37855,"Pune - Hinjewadi",Auto Debit,RCP600227
LN100104,09/08/2024,44475,44475,"Jaipur - Malviya Nagar",NEFT,RCP600228
LN100106,12/06/2025,"47,062",47062,"Bengaluru - Indiranagar",Auto Debit,RCP600229
LN100107,12/14/2024,46389,46389,"Mumbai - Bandra",ACH,RCP600230
LN100107,01/13/2025,"46,389",46389,"Mumbai - Bandra",Cash,RCP600231
LN100108,08/18/2025,"28,533",28533,"Bengaluru - Whitefield",Cash,RCP600232
LN100108,09/17/2025,28533,28533,"Bengaluru - Whitefield",Auto Debit,RCP600233
LN100109,07/08/2025,58155,58155,"Mumbai - Bandra",Cash,RCP600234
LN100109,08/07/2025,58155,58155,"Mumbai - Bandra",Cash,RCP600235
LN100109,09/06/2025,58155,58155,"Mumbai - Bandra",UPI,RCP600236
LN100109,10/06/2025,"58,155",58155,"Mumbai - Bandra",NEFT,RCP600237
LN100110,08/26/2025,54420,54420,"Lucknow - Hazratganj",Auto Debit,RCP600238
LN100111,10/20/2024,64172,64172,"Pune - Hinjewadi",ACH,RCP600239
LN100111,11/19/2024,64172,64172,"Pune - Hinjewadi",NEFT,RCP600240
LN100111,12/19/2024,32086,64172,"Pune - Hinjewadi",Cheque,RCP600241
LN100113,08/11/2024,181525,181525,"Hyderabad - Gachibowli",NEFT,RCP600242
LN100114,09/10/2025,169839,169839,"Hyderabad - Gachibowli",ACH,RCP600243
LN100114,10/10/2025,"1,69,839",169839,"Hyderabad - Gachibowli",ACH,RCP600244
LN100114,11/09/2025,169839,169839,"Hyderabad - Gachibowli",Auto Debit,RCP600245
LN100115,03/20/2025,17979,17979,"Bengaluru - Indiranagar",Cheque,RCP600246
LN100115,04/19/2025,17979,17979,"Bengaluru - Indiranagar",NEFT,RCP600247
LN100116,07/09/2025,"8,686",8686,"Bengaluru - Indiranagar",Cash,RCP600248
LN100116,08/08/2025,"8,686",8686,"Bengaluru - Indiranagar",NEFT,RCP600249
LN100117,08/02/2025,13393,26786,"Mumbai - Andheri",NEFT,RCP600250
LN100118,12/30/2025,23528,23528,"Mumbai - Andheri",Cheque,RCP600251
LN100119,08/30/2024,"1,00,399",100399,"Hyderabad - Gachibowli",UPI,RCP600252
LN100119,09/29/2024,"1,00,399",100399,"Hyderabad - Gachibowli",Cash,RCP600253
LN100119,10/29/2024,100399,100399,"Hyderabad - Gachibowli",NEFT,RCP600254
LN100120,04/14/2024,22012,22012,"Pune - Kothrud",Cheque,RCP600255
LN100120,05/14/2024,22012,22012,"Pune - Kothrud",UPI,RCP600256
LN100121,12/05/2025,50109,50109,"Pune - Hinjewadi",UPI,RCP600257
LN100122,08/09/2024,"1,114",2227,"Lucknow - Hazratganj",Auto Debit,RCP600258
LN100122,09/08/2024,2227,2227,"Lucknow - Hazratganj",ACH,RCP600259
LN100123,12/10/2025,16837,16837,"Chennai - T Nagar",NEFT,RCP600260
LN100124,03/25/2025,16430,16430,"Lucknow - Hazratganj",Cheque,RCP600261
LN100125,07/01/2024,53115,53115,"Pune - Kothrud",ACH,RCP600262
LN100126,03/31/2024,77330,77330,"Lucknow - Hazratganj",Auto Debit,RCP600263
LN100126,04/30/2024,77330,77330,"Lucknow - Hazratganj",Cash,RCP600264
LN100126,05/30/2024,77330,77330,"Lucknow - Hazratganj",UPI,RCP600265
LN100128,12/10/2025,"19,996",19996,"Chennai - T Nagar",NEFT,RCP600266
LN100129,04/26/2024,"29,104",29104,"Mumbai - Andheri",NEFT,RCP600267
LN100129,05/26/2024,29104,29104,"Mumbai - Andheri",Cheque,RCP600268
LN100129,06/25/2024,29104,29104,"Mumbai - Andheri",Cash,RCP600269
LN100130,07/01/2024,"8,693",8693,"Pune - Kothrud",Cash,RCP600270
LN100130,07/31/2024,8693,8693,"Pune - Kothrud",ACH,RCP600271
LN100130,08/30/2024,8693,8693,"Pune - Kothrud",ACH,RCP600272
LN100130,09/29/2024,8693,8693,"Pune - Kothrud",Cheque,RCP600273
LN100131,09/17/2025,"0",48995,"Bengaluru - Whitefield",NEFT,RCP600274
LN100131,10/17/2025,48995,48995,"Bengaluru - Whitefield",NEFT,RCP600275
LN100131,11/16/2025,48995,48995,"Bengaluru - Whitefield",NEFT,RCP600276
LN100132,02/27/2025,"2,35,115",235115,"Chennai - T Nagar",NEFT,RCP600277
LN100132,03/29/2025,235115,235115,"Chennai - T Nagar",UPI,RCP600278
LN100133,10/21/2024,52747,52747,"Lucknow - Hazratganj",Cheque,RCP600279
LN100134,10/12/2025,30735,30735,"Mumbai - Andheri",Auto Debit,RCP600280
LN100135,04/01/2025,"30,720",30720,"Chennai - T Nagar",Cash,RCP600281
LN100135,05/01/2025,30720,30720,"Chennai - T Nagar",Cash,RCP600282
LN100135,05/31/2025,30720,30720,"Chennai - T Nagar",Cheque,RCP600283
LN100135,06/30/2025,30720,30720,"Chennai - T Nagar",NEFT,RCP600284
LN100136,11/08/2024,223555,223555,"Bengaluru - Whitefield",NEFT,RCP600285
LN100136,12/08/2024,223555,223555,"Bengaluru - Whitefield",Cheque,RCP600286
LN100137,10/22/2024,12517,12517,"Chennai - T Nagar",NEFT,RCP600287
LN100138,10/11/2025,40062,80123,"Bengaluru - Indiranagar",UPI,RCP600288
LN100138,11/10/2025,80123,80123,"Bengaluru - Indiranagar",Cheque,RCP600289
LN100139,09/04/2024,55993,111985,"Hyderabad - Gachibowli",NEFT,RCP600290
LN100140,08/20/2025,"9,260",9260,"Mumbai - Bandra",Cash,RCP600291
LN100141,11/03/2024,6982,6982,"Bengaluru - Whitefield",Auto Debit,RCP600292
LN100141,12/03/2024,6982,6982,"Bengaluru - Whitefield",Cash,RCP600293
LN100141,01/02/2025,"6,982",6982,"Bengaluru - Whitefield",Auto Debit,RCP600294
LN100142,11/15/2024,"19,294",38588,"Chennai - T Nagar",Cheque,RCP600295
LN100142,12/15/2024,38588,38588,"Chennai - T Nagar",NEFT,RCP600296
LN100142,01/14/2025,38588,38588,"Chennai - T Nagar",UPI,RCP600297
LN100142,02/13/2025,38588,38588,"Chennai - T Nagar",Cheque,RCP600298
LN100144,12/05/2024,61206,61206,"Jaipur - Malviya Nagar",UPI,RCP600299
LN100144,01/04/2025,61206,61206,"Jaipur - Malviya Nagar",Auto Debit,RCP600300
LN100145,09/11/2025,"1,89,094",189094,"Bengaluru - Indiranagar",NEFT,RCP600301
LN100145,10/11/2025,189094,189094,"Bengaluru - Indiranagar",UPI,RCP600302
LN100145,11/10/2025,"1,89,094",189094,"Bengaluru - Indiranagar",Cash,RCP600303
LN100146,10/13/2024,"83,949",83949,"Mumbai - Bandra",UPI,RCP600304
LN100146,11/12/2024,83949,83949,"Mumbai - Bandra",ACH,RCP600305
LN100146,12/12/2024,83949,83949,"Mumbai - Bandra",Cash,RCP600306
LN100146,01/11/2025,41975,83949,"Mumbai - Bandra",Cheque,RCP600307
LN100147,05/17/2025,67135,67135,"Mumbai - Bandra",ACH,RCP600308
LN100147,06/16/2025,67135,67135,"Mumbai - Bandra",Cheque,RCP600309
LN100147,07/16/2025,"67,135",67135,"Mumbai - Bandra",ACH,RCP600310
LN100148,09/02/2024,115586,115586,"Pune - Kothrud",UPI,RCP600311
LN100148,10/02/2024,"1,15,586",115586,"Pune - Kothrud",Cash,RCP600312
LN100148,11/01/2024,115586,115586,"Pune - Kothrud",Auto Debit,RCP600313
LN100148,12/01/2024,115586,115586,"Pune - Kothrud",ACH,RCP600314
LN100149,03/14/2024,"1,12,460",112460,"Pune - Hinjewadi",Cash,RCP600315
LN100149,04/13/2024,"1,12,460",112460,"Pune - Hinjewadi",Cheque,RCP600316
LN100149,05/13/2024,112460,112460,"Pune - Hinjewadi",NEFT,RCP600317
LN100150,08/27/2024,"1,42,148",142148,"Jaipur - Malviya Nagar",NEFT,RCP600318
LN100150,09/26/2024,71074,142148,"Jaipur - Malviya Nagar",Auto Debit,RCP600319
LN100150,10/26/2024,142148,142148,"Jaipur - Malviya Nagar",NEFT,RCP600320
LN100150,11/25/2024,142148,142148,"Jaipur - Malviya Nagar",UPI,RCP600321
LN100151,12/24/2024,108435,108435,"Bengaluru - Whitefield",Auto Debit,RCP600322
LN100151,01/23/2025,108435,108435,"Bengaluru - Whitefield",Cash,RCP600323
LN100151,02/22/2025,108435,108435,"Bengaluru - Whitefield",Cash,RCP600324
LN100152,08/19/2025,71098,71098,"Pune - Hinjewadi",Auto Debit,RCP600325
LN100152,09/18/2025,71098,71098,"Pune - Hinjewadi",NEFT,RCP600326
LN100153,03/23/2025,55835,111670,"Pune - Hinjewadi",ACH,RCP600327
LN100153,04/22/2025,111670,111670,"Pune - Hinjewadi",Cheque,RCP600328
LN100153,05/22/2025,111670,111670,"Pune - Hinjewadi",ACH,RCP600329
LN100154,12/02/2024,"27,749",27749,"Hyderabad - Gachibowli",ACH,RCP600330
LN100154,01/01/2025,13875,27749,"Hyderabad - Gachibowli",Cash,RCP600331
LN100155,04/18/2024,0,48075,"Bengaluru - Whitefield",Cash,RCP600332
LN100155,05/18/2024,48075,48075,"Bengaluru - Whitefield",ACH,RCP600333
LN100156,11/11/2024,20791,20791,"Pune - Kothrud",ACH,RCP600334
LN100156,12/11/2024,20791,20791,"Pune - Kothrud",Cash,RCP600335
LN100156,01/10/2025,20791,20791,"Pune - Kothrud",Cheque,RCP600336
LN100157,11/24/2024,61861,123721,"Jaipur - Malviya Nagar",UPI,RCP600337
LN100157,12/24/2024,"0",123721,"Jaipur - Malviya Nagar",Cash,RCP600338
LN100157,01/23/2025,"0",123721,"Jaipur - Malviya Nagar",ACH,RCP600339
LN100158,03/10/2024,0,18232,"Chennai - T Nagar",Cheque,RCP600340
LN100158,04/09/2024,0,18232,"Chennai - T Nagar",ACH,RCP600341
LN100159,05/18/2025,20824,20824,"Mumbai - Bandra",UPI,RCP600342
LN100159,06/17/2025,"20,824",20824,"Mumbai - Bandra",UPI,RCP600343
LN100159,07/17/2025,20824,20824,"Mumbai - Bandra",Cash,RCP600344
LN100159,08/16/2025,20824,20824,"Mumbai - Bandra",ACH,RCP600345
LN100160,03/08/2025,203631,203631,"Pune - Hinjewadi",Cash,RCP600346
LN100160,04/07/2025,203631,203631,"Pune - Hinjewadi",Cash,RCP600347
LN100161,01/03/2025,0,116515,"Lucknow - Hazratganj",NEFT,RCP600348
LN100161,02/02/2025,"1,16,515",116515,"Lucknow - Hazratganj",Cheque,RCP600349
LN100161,03/04/2025,116515,116515,"Lucknow - Hazratganj",NEFT,RCP600350
LN100161,04/03/2025,0,116515,"Lucknow - Hazratganj",UPI,RCP600351
LN100162,07/12/2025,190953,190953,"Hyderabad - Gachibowli",NEFT,RCP600352
LN100162,08/11/2025,190953,190953,"Hyderabad - Gachibowli",NEFT,RCP600353
LN100163,07/22/2025,238376,238376,"Bengaluru - Whitefield",NEFT,RCP600354
LN100163,08/21/2025,"2,38,376",238376,"Bengaluru - Whitefield",ACH,RCP600355
LN100163,09/20/2025,238376,238376,"Bengaluru - Whitefield",UPI,RCP600356
LN100164,07/08/2025,78342,78342,"Chennai - T Nagar",Cash,RCP600357
LN100164,08/07/2025,78342,78342,"Chennai - T Nagar",UPI,RCP600358
LN100164,09/06/2025,39171,78342,"Chennai - T Nagar",NEFT,RCP600359
LN100165,10/01/2024,16466,16466,"Hyderabad - Gachibowli",Auto Debit,RCP600360
LN100165,10/31/2024,16466,16466,"Hyderabad - Gachibowli",UPI,RCP600361
LN100165,11/30/2024,16466,16466,"Hyderabad - Gachibowli",Cash,RCP600362
LN100165,12/30/2024,16466,16466,"Hyderabad - Gachibowli",Cash,RCP600363
LN100166,07/02/2024,"4,378",4378,"Pune - Hinjewadi",Auto Debit,RCP600364
LN100167,08/12/2025,93202,93202,"Pune - Kothrud",Auto Debit,RCP600365
LN100167,09/11/2025,93202,93202,"Pune - Kothrud",UPI,RCP600366
LN100167,10/11/2025,46601,93202,"Pune - Kothrud",NEFT,RCP600367
LN100167,11/10/2025,93202,93202,"Pune - Kothrud",Auto Debit,RCP600368
LN100168,06/26/2024,67833,67833,"Pune - Hinjewadi",Auto Debit,RCP600369
LN100168,07/26/2024,67833,67833,"Pune - Hinjewadi",ACH,RCP600370
LN100168,08/25/2024,"67,833",67833,"Pune - Hinjewadi",ACH,RCP600371
LN100168,09/24/2024,67833,67833,"Pune - Hinjewadi",Cash,RCP600372
LN100169,09/12/2025,17965,17965,"Bengaluru - Whitefield",Cash,RCP600373
LN100169,10/12/2025,17965,17965,"Bengaluru - Whitefield",Cheque,RCP600374
LN100169,11/11/2025,8983,17965,"Bengaluru - Whitefield",ACH,RCP600375
LN100169,12/11/2025,17965,17965,"Bengaluru - Whitefield",NEFT,RCP600376
LN100170,10/14/2024,404023,404023,"Bengaluru - Indiranagar",Cheque,RCP600377
LN100171,05/15/2024,2627,5254,"Pune - Hinjewadi",Cash,RCP600378
LN100172,05/22/2024,"0",74784,"Chennai - T Nagar",NEFT,RCP600379
LN100172,06/21/2024,"74,784",74784,"Chennai - T Nagar",ACH,RCP600380
LN100172,07/21/2024,74784,74784,"Chennai - T Nagar",UPI,RCP600381
LN100172,08/20/2024,0,74784,"Chennai - T Nagar",ACH,RCP600382
LN100173,07/22/2024,"27,147",27147,"Jaipur - Malviya Nagar",UPI,RCP600383
LN100173,08/21/2024,"27,147",27147,"Jaipur - Malviya Nagar",UPI,RCP600384
LN100174,08/20/2024,35433,35433,"Mumbai - Bandra",Auto Debit,RCP600385
LN100174,09/19/2024,0,35433,"Mumbai - Bandra",UPI,RCP600386
LN100175,02/13/2024,94728,94728,"Bengaluru - Indiranagar",ACH,RCP600387
LN100175,03/14/2024,94728,94728,"Bengaluru - Indiranagar",Cheque,RCP600388
LN100176,07/20/2025,39902,39902,"Pune - Hinjewadi",ACH,RCP600389
LN100176,08/19/2025,39902,39902,"Pune - Hinjewadi",NEFT,RCP600390
LN100176,09/18/2025,"39,902",39902,"Pune - Hinjewadi",ACH,RCP600391
LN100176,10/18/2025,39902,39902,"Pune - Hinjewadi",ACH,RCP600392
LN100177,11/11/2025,71380,71380,"Hyderabad - Gachibowli",Cheque,RCP600393
LN100177,12/11/2025,71380,71380,"Hyderabad - Gachibowli",Cheque,RCP600394
LN100178,07/25/2025,"9,438",9438,"Pune - Hinjewadi",NEFT,RCP600395
LN100178,08/24/2025,9438,9438,"Pune - Hinjewadi",NEFT,RCP600396
LN100178,09/23/2025,9438,9438,"Pune - Hinjewadi",Cheque,RCP600397
LN100179,10/03/2025,61094,61094,"Bengaluru - Whitefield",Cheque,RCP600398
LN100179,11/02/2025,"61,094",61094,"Bengaluru - Whitefield",Cash,RCP600399
LN100180,04/22/2024,"75,888",75888,"Bengaluru - Indiranagar",NEFT,RCP600400
LN100180,05/22/2024,"37,944",75888,"Bengaluru - Indiranagar",Auto Debit,RCP600401
LN100180,06/21/2024,75888,75888,"Bengaluru - Indiranagar",ACH,RCP600402
LN100180,07/21/2024,75888,75888,"Bengaluru - Indiranagar",NEFT,RCP600403
LN100182,09/30/2025,"90,026",90026,"Mumbai - Andheri",UPI,RCP600404
LN100182,10/30/2025,"90,026",90026,"Mumbai - Andheri",Cheque,RCP600405
LN100182,11/29/2025,45013,90026,"Mumbai - Andheri",Auto Debit,RCP600406
LN100182,12/29/2025,"90,026",90026,"Mumbai - Andheri",Cash,RCP600407
LN100183,05/05/2025,"3,07,294",307294,"Bengaluru - Indiranagar",NEFT,RCP600408
LN100184,08/10/2024,"23,004",23004,"Chennai - T Nagar",NEFT,RCP600409
LN100185,02/12/2025,30048,30048,"Chennai - T Nagar",Cheque,RCP600410
LN100185,03/14/2025,30048,30048,"Chennai - T Nagar",Auto Debit,RCP600411
LN100185,04/13/2025,30048,30048,"Chennai - T Nagar",Cash,RCP600412
LN100186,02/17/2024,"3,41,141",341141,"Hyderabad - Gachibowli",UPI,RCP600413
LN100186,03/18/2024,"3,41,141",341141,"Hyderabad - Gachibowli",Auto Debit,RCP600414
LN100187,03/21/2024,20673,41346,"Chennai - T Nagar",Auto Debit,RCP600415
LN100188,03/06/2025,"1,02,145",102145,"Jaipur - Malviya Nagar",Auto Debit,RCP600416
LN100188,04/05/2025,102145,102145,"Jaipur - Malviya Nagar",NEFT,RCP600417
LN100188,05/05/2025,102145,102145,"Jaipur - Malviya Nagar",UPI,RCP600418
LN100189,06/07/2024,53508,107016,"Lucknow - Hazratganj",Cheque,RCP600419
LN100190,09/27/2024,130456,130456,"Jaipur - Malviya Nagar",UPI,RCP600420
LN100190,10/27/2024,130456,130456,"Jaipur - Malviya Nagar",NEFT,RCP600421
LN100190,11/26/2024,130456,130456,"Jaipur - Malviya Nagar",Cheque,RCP600422
LN100191,01/09/2025,29959,29959,"Hyderabad - Gachibowli",Auto Debit,RCP600423
LN100192,03/16/2025,65720,65720,"Mumbai - Andheri",Cash,RCP600424
LN100192,04/15/2025,"65,720",65720,"Mumbai - Andheri",Auto Debit,RCP600425
LN100192,05/15/2025,32860,65720,"Mumbai - Andheri",Cheque,RCP600426
LN100193,11/02/2025,"8,841",8841,"Pune - Kothrud",Cash,RCP600427
LN100194,01/07/2025,12331,12331,"Chennai - T Nagar",Auto Debit,RCP600428
LN100195,03/20/2024,141488,141488,"Hyderabad - Gachibowli",Auto Debit,RCP600429
LN100195,04/19/2024,"1,41,488",141488,"Hyderabad - Gachibowli",ACH,RCP600430
LN100196,08/25/2025,"1,12,951",112951,"Bengaluru - Whitefield",Cheque,RCP600431
LN100196,09/24/2025,112951,112951,"Bengaluru - Whitefield",UPI,RCP600432
LN100196,10/24/2025,112951,112951,"Bengaluru - Whitefield",NEFT,RCP600433
LN100197,08/05/2025,"7,294",7294,"Mumbai - Bandra",Auto Debit,RCP600434
LN100198,07/11/2025,23246,46491,"Mumbai - Bandra",Cash,RCP600435
LN100198,08/10/2025,46491,46491,"Mumbai - Bandra",Auto Debit,RCP600436
LN100198,09/09/2025,46491,46491,"Mumbai - Bandra",NEFT,RCP600437
LN100199,06/03/2025,150477,150477,"Mumbai - Bandra",ACH,RCP600438
LN100199,07/03/2025,150477,150477,"Mumbai - Bandra",Auto Debit,RCP600439
LN100199,08/02/2025,150477,150477,"Mumbai - Bandra",Auto Debit,RCP600440
LN100201,01/30/2025,62854,62854,"Mumbai - Andheri",Cash,RCP600441
LN100202,09/20/2025,74722,74722,"Lucknow - Hazratganj",Cheque,RCP600442
LN100202,10/20/2025,74722,74722,"Lucknow - Hazratganj",Cash,RCP600443
LN100202,11/19/2025,74722,74722,"Lucknow - Hazratganj",Auto Debit,RCP600444
LN100204,10/16/2024,11777,11777,"Jaipur - Malviya Nagar",ACH,RCP600445
LN100204,11/15/2024,11777,11777,"Jaipur - Malviya Nagar",Cash,RCP600446
LN100204,12/15/2024,11777,11777,"Jaipur - Malviya Nagar",Cheque,RCP600447
LN100204,01/14/2025,11777,11777,"Jaipur - Malviya Nagar",Auto Debit,RCP600448
LN100205,07/31/2024,4767,4767,"Lucknow - Hazratganj",UPI,RCP600449
LN100205,08/30/2024,"4,767",4767,"Lucknow - Hazratganj",ACH,RCP600450
LN100205,09/29/2024,4767,4767,"Lucknow - Hazratganj",Auto Debit,RCP600451
LN100206,09/25/2025,90413,90413,"Pune - Kothrud",Auto Debit,RCP600452
LN100206,10/25/2025,90413,90413,"Pune - Kothrud",Auto Debit,RCP600453
LN100206,11/24/2025,90413,90413,"Pune - Kothrud",ACH,RCP600454
LN100207,05/28/2025,69710,69710,"Lucknow - Hazratganj",Auto Debit,RCP600455
LN100207,06/27/2025,"69,710",69710,"Lucknow - Hazratganj",Auto Debit,RCP600456
LN100207,07/27/2025,69710,69710,"Lucknow - Hazratganj",UPI,RCP600457
LN100207,08/26/2025,34855,69710,"Lucknow - Hazratganj",Cash,RCP600458
LN100208,05/09/2025,16741,33481,"Chennai - T Nagar",Cheque,RCP600459
LN100208,06/08/2025,"33,481",33481,"Chennai - T Nagar",UPI,RCP600460
LN100209,10/19/2025,32124,32124,"Bengaluru - Indiranagar",Cash,RCP600461
LN100209,11/18/2025,"32,124",32124,"Bengaluru - Indiranagar",ACH,RCP600462
LN100209,12/18/2025,32124,32124,"Bengaluru - Indiranagar",NEFT,RCP600463
LN100210,11/10/2025,181073,181073,"Jaipur - Malviya Nagar",Cash,RCP600464
LN100211,10/11/2025,"60,277",60277,"Pune - Kothrud",Cheque,RCP600465
LN100212,08/22/2025,"1,29,153",129153,"Chennai - T Nagar",UPI,RCP600466
LN100214,12/25/2025,0,104229,"Pune - Hinjewadi",UPI,RCP600467
LN100215,05/25/2025,70077,70077,"Lucknow - Hazratganj",UPI,RCP600468
LN100215,06/24/2025,70077,70077,"Lucknow - Hazratganj",NEFT,RCP600469
LN100216,09/24/2025,"19,937",19937,"Pune - Kothrud",ACH,RCP600470
LN100216,10/24/2025,0,19937,"Pune - Kothrud",Cheque,RCP600471
LN100217,06/16/2025,0,16547,"Pune - Hinjewadi",UPI,RCP600472
LN100217,07/16/2025,0,16547,"Pune - Hinjewadi",NEFT,RCP600473
LN100217,08/15/2025,0,16547,"Pune - Hinjewadi",NEFT,RCP600474
LN100217,09/14/2025,"0",16547,"Pune - Hinjewadi",ACH,RCP600475
LN100218,11/12/2024,22405,22405,"Mumbai - Bandra",Cash,RCP600476
LN100219,04/04/2024,12419,24838,"Jaipur - Malviya Nagar",Cheque,RCP600477
LN100219,05/04/2024,"24,838",24838,"Jaipur - Malviya Nagar",UPI,RCP600478
LN100219,06/03/2024,"12,419",24838,"Jaipur - Malviya Nagar",ACH,RCP600479
LN100219,07/03/2024,24838,24838,"Jaipur - Malviya Nagar",Auto Debit,RCP600480
LN100221,04/17/2025,19822,39644,"Bengaluru - Indiranagar",ACH,RCP600481
LN100221,05/17/2025,39644,39644,"Bengaluru - Indiranagar",UPI,RCP600482
LN100221,06/16/2025,39644,39644,"Bengaluru - Indiranagar",Auto Debit,RCP600483
LN100221,07/16/2025,39644,39644,"Bengaluru - Indiranagar",Cash,RCP600484
LN100222,06/23/2024,"97,912",97912,"Hyderabad - Gachibowli",UPI,RCP600485
LN100222,07/23/2024,97912,97912,"Hyderabad - Gachibowli",UPI,RCP600486
LN100222,08/22/2024,97912,97912,"Hyderabad - Gachibowli",Cash,RCP600487
LN100223,09/30/2024,50538,50538,"Mumbai - Andheri",Auto Debit,RCP600488
LN100223,10/30/2024,50538,50538,"Mumbai - Andheri",NEFT,RCP600489
LN100224,12/19/2025,19334,19334,"Pune - Kothrud",ACH,RCP600490
LN100225,06/02/2025,173845,173845,"Mumbai - Bandra",UPI,RCP600491
LN100225,07/02/2025,173845,173845,"Mumbai - Bandra",UPI,RCP600492
LN100225,08/01/2025,"1,73,845",173845,"Mumbai - Bandra",ACH,RCP600493
LN100227,10/05/2024,6325,6325,"Lucknow - Hazratganj",UPI,RCP600494
LN100228,10/27/2024,73602,73602,"Bengaluru - Indiranagar",NEFT,RCP600495
LN100228,11/26/2024,36801,73602,"Bengaluru - Indiranagar",NEFT,RCP600496
LN100229,01/09/2025,35755,35755,"Mumbai - Andheri",Auto Debit,RCP600497
LN100229,02/08/2025,35755,35755,"Mumbai - Andheri",NEFT,RCP600498
LN100229,03/10/2025,"35,755",35755,"Mumbai - Andheri",Cash,RCP600499
LN100229,04/09/2025,35755,35755,"Mumbai - Andheri",UPI,RCP600500
LN100230,03/18/2025,154702,154702,"Mumbai - Bandra",Cash,RCP600501
LN100231,05/14/2024,104344,104344,"Chennai - T Nagar",Auto Debit,RCP600502
LN100231,06/13/2024,"1,04,344",104344,"Chennai - T Nagar",UPI,RCP600503
LN100232,06/01/2024,"71,848",71848,"Jaipur - Malviya Nagar",ACH,RCP600504
LN100232,07/01/2024,"71,848",71848,"Jaipur - Malviya Nagar",ACH,RCP600505
LN100234,05/17/2024,8557,8557,"Bengaluru - Whitefield",ACH,RCP600506
LN100234,06/16/2024,8557,8557,"Bengaluru - Whitefield",UPI,RCP600507
LN100234,07/16/2024,8557,8557,"Bengaluru - Whitefield",UPI,RCP600508
LN100235,01/31/2025,"3,777",3777,"Hyderabad - Gachibowli",UPI,RCP600509
LN100235,03/02/2025,3777,3777,"Hyderabad - Gachibowli",Cheque,RCP600510
LN100235,04/01/2025,"3,777",3777,"Hyderabad - Gachibowli",Auto Debit,RCP600511
LN100235,05/01/2025,3777,3777,"Hyderabad - Gachibowli",UPI,RCP600512
LN100236,12/06/2024,15656,15656,"Bengaluru - Whitefield",Cheque,RCP600513
LN100237,03/04/2025,25089,25089,"Chennai - T Nagar",Cheque,RCP600514
LN100237,04/03/2025,25089,25089,"Chennai - T Nagar",UPI,RCP600515
LN100238,12/02/2024,202729,202729,"Bengaluru - Whitefield",NEFT,RCP600516
LN100238,01/01/2025,202729,202729,"Bengaluru - Whitefield",Cash,RCP600517
LN100239,12/20/2024,89306,89306,"Hyderabad - Gachibowli",ACH,RCP600518
LN100239,01/19/2025,"0",89306,"Hyderabad - Gachibowli",UPI,RCP600519
LN100239,02/18/2025,89306,89306,"Hyderabad - Gachibowli",NEFT,RCP600520
LN100239,03/20/2025,"89,306",89306,"Hyderabad - Gachibowli",Auto Debit,RCP600521
LN100240,09/20/2025,"16,286",32572,"Mumbai - Andheri",NEFT,RCP600522
LN100241,02/06/2024,"28,447",28447,"Pune - Kothrud",Cheque,RCP600523
LN100241,03/07/2024,28447,28447,"Pune - Kothrud",UPI,RCP600524
LN100241,04/06/2024,"14,224",28447,"Pune - Kothrud",Cash,RCP600525
LN100241,05/06/2024,28447,28447,"Pune - Kothrud",ACH,RCP600526
LN100242,11/20/2025,"22,451",22451,"Chennai - T Nagar",Cash,RCP600527
LN100242,12/20/2025,22451,22451,"Chennai - T Nagar",ACH,RCP600528
LN100243,09/25/2024,15002,15002,"Pune - Kothrud",Cash,RCP600529
LN100243,10/25/2024,15002,15002,"Pune - Kothrud",Auto Debit,RCP600530
LN100243,11/24/2024,"7,501",15002,"Pune - Kothrud",ACH,RCP600531
LN100243,12/24/2024,"7,501",15002,"Pune - Kothrud",ACH,RCP600532
LN100244,08/25/2025,"6,913",6913,"Mumbai - Andheri",NEFT,RCP600533
LN100244,09/24/2025,6913,6913,"Mumbai - Andheri",ACH,RCP600534
LN100244,10/24/2025,3457,6913,"Mumbai - Andheri",Cash,RCP600535
LN100245,06/02/2025,22231,22231,"Mumbai - Andheri",ACH,RCP600536
LN100245,07/02/2025,"22,231",22231,"Mumbai - Andheri",Cash,RCP600537
LN100246,02/22/2025,49042,49042,"Pune - Kothrud",Cheque,RCP600538
LN100246,03/24/2025,49042,49042,"Pune - Kothrud",Cheque,RCP600539
LN100246,04/23/2025,49042,49042,"Pune - Kothrud",NEFT,RCP600540
LN100246,05/23/2025,49042,49042,"Pune - Kothrud",NEFT,RCP600541
LN100247,07/28/2025,"1,11,332",111332,"Bengaluru - Whitefield",Cash,RCP600542
LN100247,08/27/2025,"1,11,332",111332,"Bengaluru - Whitefield",ACH,RCP600543
LN100248,11/02/2024,107632,107632,"Jaipur - Malviya Nagar",ACH,RCP600544
LN100248,12/02/2024,"53,816",107632,"Jaipur - Malviya Nagar",NEFT,RCP600545
LN100249,09/02/2024,5499,5499,"Mumbai - Andheri",NEFT,RCP600546
LN100249,10/02/2024,5499,5499,"Mumbai - Andheri",Auto Debit,RCP600547
LN100249,11/01/2024,"5,499",5499,"Mumbai - Andheri",Cash,RCP600548
LN100249,12/01/2024,5499,5499,"Mumbai - Andheri",Cash,RCP600549
LN100250,05/05/2025,112968,112968,"Pune - Hinjewadi",NEFT,RCP600550
LN100250,06/04/2025,112968,112968,"Pune - Hinjewadi",UPI,RCP600551
LN100250,07/04/2025,112968,112968,"Pune - Hinjewadi",ACH,RCP600552
LN100251,08/01/2024,3016,3016,"Bengaluru - Indiranagar",Auto Debit,RCP600553
LN100251,08/31/2024,3016,3016,"Bengaluru - Indiranagar",NEFT,RCP600554
LN100251,09/30/2024,3016,3016,"Bengaluru - Indiranagar",NEFT,RCP600555
LN100252,03/22/2024,48004,48004,"Pune - Hinjewadi",NEFT,RCP600556
LN100252,04/21/2024,48004,48004,"Pune - Hinjewadi",Cash,RCP600557
LN100252,05/21/2024,"48,004",48004,"Pune - Hinjewadi",ACH,RCP600558
LN100252,06/20/2024,24002,48004,"Pune - Hinjewadi",NEFT,RCP600559
LN100253,03/11/2024,"51,362",51362,"Lucknow - Hazratganj",Cash,RCP600560
LN100254,02/25/2025,"65,077",65077,"Mumbai - Andheri",UPI,RCP600561
LN100254,03/27/2025,65077,65077,"Mumbai - Andheri",ACH,RCP600562
LN100254,04/26/2025,"65,077",65077,"Mumbai - Andheri",ACH,RCP600563
LN100255,10/31/2024,"31,378",31378,"Mumbai - Bandra",UPI,RCP600564
LN100256,07/14/2024,71048,71048,"Mumbai - Bandra",Cheque,RCP600565
LN100256,08/13/2024,"71,048",71048,"Mumbai - Bandra",NEFT,RCP600566
LN100257,12/30/2024,130579,130579,"Bengaluru - Whitefield",Auto Debit,RCP600567
LN100257,01/29/2025,130579,130579,"Bengaluru - Whitefield",Cheque,RCP600568
LN100257,02/28/2025,130579,130579,"Bengaluru - Whitefield",NEFT,RCP600569
LN100257,03/30/2025,65290,130579,"Bengaluru - Whitefield",Auto Debit,RCP600570
LN100258,09/28/2024,"1,23,166",123166,"Mumbai - Andheri",Cheque,RCP600571
LN100258,10/28/2024,61583,123166,"Mumbai - Andheri",UPI,RCP600572
LN100258,11/27/2024,123166,123166,"Mumbai - Andheri",Cash,RCP600573
LN100259,03/12/2024,"99,883",99883,"Bengaluru - Whitefield",ACH,RCP600574
LN100259,04/11/2024,49942,99883,"Bengaluru - Whitefield",Cash,RCP600575
LN100259,05/11/2024,99883,99883,"Bengaluru - Whitefield",NEFT,RCP600576
LN100260,10/06/2024,"37,473",37473,"Jaipur - Malviya Nagar",Cash,RCP600577
LN100261,01/02/2025,75562,75562,"Hyderabad - Gachibowli",Cheque,RCP600578
LN100261,02/01/2025,"75,562",75562,"Hyderabad - Gachibowli",UPI,RCP600579
LN100261,03/03/2025,75562,75562,"Hyderabad - Gachibowli",NEFT,RCP600580
LN100261,04/02/2025,75562,75562,"Hyderabad - Gachibowli",ACH,RCP600581
LN100262,07/19/2025,41591,41591,"Pune - Kothrud",NEFT,RCP600582
LN100262,08/18/2025,41591,41591,"Pune - Kothrud",Cash,RCP600583
LN100262,09/17/2025,41591,41591,"Pune - Kothrud",NEFT,RCP600584
LN100262,10/17/2025,"41,591",41591,"Pune - Kothrud",ACH,RCP600585
LN100263,03/17/2025,"27,567",55134,"Bengaluru - Indiranagar",Auto Debit,RCP600586
LN100263,04/16/2025,55134,55134,"Bengaluru - Indiranagar",Cheque,RCP600587
LN100263,05/16/2025,55134,55134,"Bengaluru - Indiranagar",NEFT,RCP600588
LN100263,06/15/2025,55134,55134,"Bengaluru - Indiranagar",ACH,RCP600589
LN100264,10/28/2024,78099,78099,"Mumbai - Andheri",UPI,RCP600590
LN100264,11/27/2024,"78,099",78099,"Mumbai - Andheri",UPI,RCP600591
LN100264,12/27/2024,78099,78099,"Mumbai - Andheri",UPI,RCP600592
LN100267,11/15/2025,"30,507",30507,"Lucknow - Hazratganj",Auto Debit,RCP600593
LN100268,01/01/2025,"46,456",46456,"Mumbai - Andheri",Cheque,RCP600594
LN100268,01/31/2025,"46,456",46456,"Mumbai - Andheri",NEFT,RCP600595
LN100269,07/16/2025,0,50385,"Hyderabad - Gachibowli",Auto Debit,RCP600596
LN100269,08/15/2025,"0",50385,"Hyderabad - Gachibowli",Cheque,RCP600597
LN100269,09/14/2025,50385,50385,"Hyderabad - Gachibowli",Cheque,RCP600598
LN100271,11/19/2024,415829,415829,"Pune - Kothrud",ACH,RCP600599
LN100271,12/19/2024,"4,15,829",415829,"Pune - Kothrud",ACH,RCP600600
LN100271,01/18/2025,415829,415829,"Pune - Kothrud",ACH,RCP600601
LN100272,05/22/2025,"0",89920,"Hyderabad - Gachibowli",ACH,RCP600602
LN100275,09/05/2024,12585,25169,"Chennai - T Nagar",Cash,RCP600603
LN100276,08/25/2024,6951,6951,"Mumbai - Andheri",NEFT,RCP600604
LN100276,09/24/2024,6951,6951,"Mumbai - Andheri",UPI,RCP600605
LN100276,10/24/2024,"6,951",6951,"Mumbai - Andheri",Cash,RCP600606
LN100276,11/23/2024,"6,951",6951,"Mumbai - Andheri",Cash,RCP600607
LN100277,09/14/2025,74634,74634,"Lucknow - Hazratganj",UPI,RCP600608
LN100278,06/28/2025,"1,23,146",123146,"Pune - Kothrud",ACH,RCP600609
LN100279,01/12/2025,8687,8687,"Pune - Kothrud",NEFT,RCP600610
LN100280,09/19/2025,13972,13972,"Pune - Kothrud",NEFT,RCP600611
LN100280,10/19/2025,6986,13972,"Pune - Kothrud",Cheque,RCP600612
LN100280,11/18/2025,13972,13972,"Pune - Kothrud",ACH,RCP600613
LN100281,12/02/2025,15447,15447,"Mumbai - Andheri",UPI,RCP600614
LN100282,02/17/2025,"2,00,438",200438,"Jaipur - Malviya Nagar",Auto Debit,RCP600615
LN100283,09/06/2025,"19,112",19112,"Pune - Kothrud",Cheque,RCP600616
LN100283,10/06/2025,19112,19112,"Pune - Kothrud",UPI,RCP600617
LN100283,11/05/2025,19112,19112,"Pune - Kothrud",UPI,RCP600618
LN100284,09/22/2024,27731,27731,"Lucknow - Hazratganj",ACH,RCP600619
LN100284,10/22/2024,"27,731",27731,"Lucknow - Hazratganj",UPI,RCP600620
LN100285,12/24/2025,30346,30346,"Lucknow - Hazratganj",NEFT,RCP600621
LN100286,08/05/2024,26463,26463,"Mumbai - Andheri",NEFT,RCP600622
LN100286,09/04/2024,26463,26463,"Mumbai - Andheri",Cheque,RCP600623
LN100286,10/04/2024,26463,26463,"Mumbai - Andheri",Auto Debit,RCP600624
LN100286,11/03/2024,26463,26463,"Mumbai - Andheri",UPI,RCP600625
LN100287,09/21/2024,40555,40555,"Pune - Hinjewadi",NEFT,RCP600626
LN100287,10/21/2024,"40,555",40555,"Pune - Hinjewadi",Cash,RCP600627
LN100287,11/20/2024,40555,40555,"Pune - Hinjewadi",Cash,RCP600628
LN100288,03/12/2025,55144,55144,"Hyderabad - Gachibowli",UPI,RCP600629
LN100288,04/11/2025,"55,144",55144,"Hyderabad - Gachibowli",Cash,RCP600630
LN100288,05/11/2025,"27,572",55144,"Hyderabad - Gachibowli",UPI,RCP600631
LN100289,07/17/2025,23253,46506,"Jaipur - Malviya Nagar",Cheque,RCP600632
LN100290,01/07/2025,31190,31190,"Jaipur - Malviya Nagar",NEFT,RCP600633
LN100290,02/06/2025,"31,190",31190,"Jaipur - Malviya Nagar",ACH,RCP600634
LN100290,03/08/2025,"31,190",31190,"Jaipur - Malviya Nagar",ACH,RCP600635
LN100290,04/07/2025,31190,31190,"Jaipur - Malviya Nagar",Cheque,RCP600636
LN100291,01/05/2025,"64,063",64063,"Lucknow - Hazratganj",UPI,RCP600637
LN100291,02/04/2025,64063,64063,"Lucknow - Hazratganj",NEFT,RCP600638
LN100291,03/06/2025,64063,64063,"Lucknow - Hazratganj",Cheque,RCP600639
LN100292,06/05/2024,24696,24696,"Pune - Kothrud",NEFT,RCP600640
LN100292,07/05/2024,"24,696",24696,"Pune - Kothrud",UPI,RCP600641
LN100292,08/04/2024,24696,24696,"Pune - Kothrud",NEFT,RCP600642
LN100293,04/07/2024,149528,149528,"Mumbai - Bandra",Cash,RCP600643
LN100294,08/26/2024,379299,379299,"Hyderabad - Gachibowli",ACH,RCP600644
LN100294,09/25/2024,379299,379299,"Hyderabad - Gachibowli",Cash,RCP600645
LN100294,10/25/2024,379299,379299,"Hyderabad - Gachibowli",Cheque,RCP600646
LN100295,11/08/2025,"7,283",14566,"Bengaluru - Whitefield",Auto Debit,RCP600647
LN100296,08/22/2025,"56,080",112160,"Hyderabad - Gachibowli",NEFT,RCP600648
LN100296,09/21/2025,112160,112160,"Hyderabad - Gachibowli",NEFT,RCP600649
LN100296,10/21/2025,112160,112160,"Hyderabad - Gachibowli",NEFT,RCP600650
LN100297,01/02/2025,"1,41,956",141956,"Mumbai - Bandra",Auto Debit,RCP600651
LN100297,02/01/2025,141956,141956,"Mumbai - Bandra",Auto Debit,RCP600652
LN100297,03/03/2025,141956,141956,"Mumbai - Bandra",Cheque,RCP600653
LN100298,05/30/2024,40481,40481,"Pune - Kothrud",Cash,RCP600654
LN100298,06/29/2024,0,40481,"Pune - Kothrud",NEFT,RCP600655
LN100298,07/29/2024,40481,40481,"Pune - Kothrud",UPI,RCP600656
LN100299,12/25/2025,70716,70716,"Pune - Hinjewadi",ACH,RCP600657
LN100300,12/02/2024,32822,32822,"Mumbai - Andheri",NEFT,RCP600658
LN100302,06/06/2025,"6,634",13268,"Mumbai - Andheri",ACH,RCP600659
LN100303,01/29/2025,96944,96944,"Mumbai - Bandra",Cash,RCP600660
LN100303,02/28/2025,96944,96944,"Mumbai - Bandra",ACH,RCP600661
LN100303,03/30/2025,48472,96944,"Mumbai - Bandra",UPI,RCP600662
LN100305,06/09/2025,50152,50152,"Hyderabad - Gachibowli",NEFT,RCP600663
LN100305,07/09/2025,50152,50152,"Hyderabad - Gachibowli",UPI,RCP600664
LN100306,12/17/2025,"1,10,409",110409,"Pune - Hinjewadi",Cash,RCP600665
LN100307,11/12/2024,"58,199",58199,"Hyderabad - Gachibowli",ACH,RCP600666
LN100307,12/12/2024,58199,58199,"Hyderabad - Gachibowli",Cheque,RCP600667
LN100307,01/11/2025,58199,58199,"Hyderabad - Gachibowli",UPI,RCP600668
LN100307,02/10/2025,"58,199",58199,"Hyderabad - Gachibowli",UPI,RCP600669
LN100308,06/14/2025,"97,420",97420,"Pune - Hinjewadi",NEFT,RCP600670
LN100308,07/14/2025,48710,97420,"Pune - Hinjewadi",Auto Debit,RCP600671
LN100308,08/13/2025,97420,97420,"Pune - Hinjewadi",Auto Debit,RCP600672
LN100308,09/12/2025,97420,97420,"Pune - Hinjewadi",Auto Debit,RCP600673
LN100309,01/31/2025,71227,142454,"Pune - Hinjewadi",NEFT,RCP600674
LN100309,03/02/2025,142454,142454,"Pune - Hinjewadi",UPI,RCP600675
LN100309,04/01/2025,142454,142454,"Pune - Hinjewadi",Cash,RCP600676
LN100310,07/12/2025,48320,48320,"Hyderabad - Gachibowli",Auto Debit,RCP600677
LN100311,09/23/2025,100292,100292,"Bengaluru - Indiranagar",Auto Debit,RCP600678
LN100311,10/23/2025,100292,100292,"Bengaluru - Indiranagar",Auto Debit,RCP600679
LN100312,10/27/2024,11990,23979,"Pune - Kothrud",Auto Debit,RCP600680
LN100312,11/26/2024,"23,979",23979,"Pune - Kothrud",ACH,RCP600681
LN100313,11/16/2024,9835,9835,"Lucknow - Hazratganj",ACH,RCP600682
LN100313,12/16/2024,"4,918",9835,"Lucknow - Hazratganj",Cheque,RCP600683
LN100313,01/15/2025,9835,9835,"Lucknow - Hazratganj",ACH,RCP600684
LN100313,02/14/2025,9835,9835,"Lucknow - Hazratganj",Cheque,RCP600685
LN100314,10/19/2024,"15,925",31850,"Pune - Hinjewadi",Cheque,RCP600686
LN100314,11/18/2024,"15,925",31850,"Pune - Hinjewadi",ACH,RCP600687
LN100314,12/18/2024,31850,31850,"Pune - Hinjewadi",Cash,RCP600688
LN100314,01/17/2025,"31,850",31850,"Pune - Hinjewadi",Cheque,RCP600689
LN100315,03/22/2025,"59,948",119896,"Bengaluru - Indiranagar",NEFT,RCP600690
LN100315,04/21/2025,119896,119896,"Bengaluru - Indiranagar",Cash,RCP600691
LN100315,05/21/2025,119896,119896,"Bengaluru - Indiranagar",UPI,RCP600692
LN100316,09/24/2024,131727,131727,"Jaipur - Malviya Nagar",Auto Debit,RCP600693
LN100316,10/24/2024,131727,131727,"Jaipur - Malviya Nagar",ACH,RCP600694
LN100316,11/23/2024,"1,31,727",131727,"Jaipur - Malviya Nagar",Auto Debit,RCP600695
LN100317,04/24/2024,"84,590",84590,"Pune - Hinjewadi",Cheque,RCP600696
LN100317,05/24/2024,84590,84590,"Pune - Hinjewadi",Cheque,RCP600697
LN100317,06/23/2024,84590,84590,"Pune - Hinjewadi",Auto Debit,RCP600698
LN100317,07/23/2024,"84,590",84590,"Pune - Hinjewadi",Auto Debit,RCP600699
LN100318,12/02/2025,45593,45593,"Lucknow - Hazratganj",NEFT,RCP600700
LN100319,10/01/2024,"56,401",56401,"Jaipur - Malviya Nagar",UPI,RCP600701
LN100319,10/31/2024,56401,56401,"Jaipur - Malviya Nagar",UPI,RCP600702
LN100320,05/03/2024,"15,606",31211,"Mumbai - Bandra",NEFT,RCP600703
LN100320,06/02/2024,31211,31211,"Mumbai - Bandra",UPI,RCP600704
LN100321,04/19/2024,71951,71951,"Mumbai - Bandra",Auto Debit,RCP600705
LN100321,05/19/2024,"71,951",71951,"Mumbai - Bandra",Auto Debit,RCP600706
LN100321,06/18/2024,71951,71951,"Mumbai - Bandra",NEFT,RCP600707
LN100322,10/26/2025,152626,152626,"Pune - Hinjewadi",UPI,RCP600708
LN100322,11/25/2025,"1,52,626",152626,"Pune - Hinjewadi",Cash,RCP600709
LN100323,02/26/2025,70759,70759,"Mumbai - Andheri",NEFT,RCP600710
LN100323,03/28/2025,70759,70759,"Mumbai - Andheri",Cash,RCP600711
LN100324,10/10/2024,9858,9858,"Mumbai - Andheri",Auto Debit,RCP600712
LN100324,11/09/2024,9858,9858,"Mumbai - Andheri",NEFT,RCP600713
LN100324,12/09/2024,9858,9858,"Mumbai - Andheri",Cheque,RCP600714
LN100324,01/08/2025,9858,9858,"Mumbai - Andheri",Cash,RCP600715
LN100325,01/17/2025,59281,118562,"Pune - Hinjewadi",NEFT,RCP600716
LN100326,08/14/2024,"70,109",140218,"Pune - Kothrud",ACH,RCP600717
LN100326,09/13/2024,140218,140218,"Pune - Kothrud",UPI,RCP600718
LN100326,10/13/2024,140218,140218,"Pune - Kothrud",Cheque,RCP600719
LN100326,11/12/2024,140218,140218,"Pune - Kothrud",NEFT,RCP600720
LN100328,12/10/2024,"37,448",37448,"Mumbai - Andheri",Cash,RCP600721
LN100328,01/09/2025,18724,37448,"Mumbai - Andheri",Auto Debit,RCP600722
LN100328,02/08/2025,37448,37448,"Mumbai - Andheri",NEFT,RCP600723
LN100328,03/10/2025,"37,448",37448,"Mumbai - Andheri",Auto Debit,RCP600724
LN100329,09/16/2025,124419,124419,"Bengaluru - Whitefield",Cash,RCP600725
LN100329,10/16/2025,124419,124419,"Bengaluru - Whitefield",Cash,RCP600726
LN100329,11/15/2025,"1,24,419",124419,"Bengaluru - Whitefield",NEFT,RCP600727
LN100330,01/21/2025,31736,31736,"Jaipur - Malviya Nagar",UPI,RCP600728
LN100330,02/20/2025,31736,31736,"Jaipur - Malviya Nagar",UPI,RCP600729
LN100331,04/20/2025,28597,28597,"Pune - Hinjewadi",UPI,RCP600730
LN100333,02/26/2025,100647,100647,"Hyderabad - Gachibowli",NEFT,RCP600731
LN100333,03/28/2025,"1,00,647",100647,"Hyderabad - Gachibowli",NEFT,RCP600732
LN100333,04/27/2025,"1,00,647",100647,"Hyderabad - Gachibowli",Cheque,RCP600733
LN100334,07/31/2024,24761,24761,"Mumbai - Andheri",Cash,RCP600734
LN100334,08/30/2024,"24,761",24761,"Mumbai - Andheri",NEFT,RCP600735
LN100334,09/29/2024,24761,24761,"Mumbai - Andheri",Cash,RCP600736
LN100335,05/24/2024,51691,51691,"Jaipur - Malviya Nagar",Cheque,RCP600737
LN100336,07/10/2024,"4,053",8105,"Chennai - T Nagar",ACH,RCP600738
LN100336,08/09/2024,"8,105",8105,"Chennai - T Nagar",UPI,RCP600739
LN100336,09/08/2024,8105,8105,"Chennai - T Nagar",Cheque,RCP600740
LN100338,03/16/2024,50133,50133,"Jaipur - Malviya Nagar",Cheque,RCP600741
LN100338,04/15/2024,"50,133",50133,"Jaipur - Malviya Nagar",Auto Debit,RCP600742
LN100338,05/15/2024,50133,50133,"Jaipur - Malviya Nagar",NEFT,RCP600743
LN100338,06/14/2024,"25,067",50133,"Jaipur - Malviya Nagar",Cash,RCP600744
LN100339,08/23/2024,81331,81331,"Bengaluru - Whitefield",Cash,RCP600745
LN100339,09/22/2024,81331,81331,"Bengaluru - Whitefield",Auto Debit,RCP600746
LN100339,10/22/2024,81331,81331,"Bengaluru - Whitefield",ACH,RCP600747
LN100340,04/14/2024,96972,96972,"Mumbai - Bandra",Cheque,RCP600748
LN100340,05/14/2024,96972,96972,"Mumbai - Bandra",Cash,RCP600749
LN100341,05/23/2025,3485,3485,"Hyderabad - Gachibowli",ACH,RCP600750
LN100342,04/02/2024,188918,188918,"Lucknow - Hazratganj",UPI,RCP600751
LN100342,05/02/2024,"1,88,918",188918,"Lucknow - Hazratganj",ACH,RCP600752
LN100343,01/24/2025,9480,9480,"Jaipur - Malviya Nagar",Auto Debit,RCP600753
LN100343,02/23/2025,9480,9480,"Jaipur - Malviya Nagar",NEFT,RCP600754
LN100343,03/25/2025,"9,480",9480,"Jaipur - Malviya Nagar",UPI,RCP600755
LN100343,04/24/2025,"9,480",9480,"Jaipur - Malviya Nagar",UPI,RCP600756
LN100344,04/09/2024,35582,71164,"Chennai - T Nagar",NEFT,RCP600757
LN100344,05/09/2024,71164,71164,"Chennai - T Nagar",Cheque,RCP600758
LN100345,06/13/2025,55383,55383,"Chennai - T Nagar",Cash,RCP600759
LN100345,07/13/2025,"55,383",55383,"Chennai - T Nagar",ACH,RCP600760
LN100346,12/31/2024,82715,82715,"Jaipur - Malviya Nagar",NEFT,RCP600761
LN100347,04/21/2024,"26,418",52835,"Jaipur - Malviya Nagar",Cheque,RCP600762
LN100347,05/21/2024,52835,52835,"Jaipur - Malviya Nagar",NEFT,RCP600763
LN100347,06/20/2024,52835,52835,"Jaipur - Malviya Nagar",ACH,RCP600764
LN100347,07/20/2024,52835,52835,"Jaipur - Malviya Nagar",Cash,RCP600765
LN100348,12/18/2024,21347,42693,"Jaipur - Malviya Nagar",ACH,RCP600766
LN100348,01/17/2025,42693,42693,"Jaipur - Malviya Nagar",Cheque,RCP600767
LN100348,02/16/2025,0,42693,"Jaipur - Malviya Nagar",ACH,RCP600768
LN100348,03/18/2025,0,42693,"Jaipur - Malviya Nagar",UPI,RCP600769
LN100349,03/28/2024,50972,50972,"Pune - Hinjewadi",Auto Debit,RCP600770
LN100350,04/03/2024,51566,51566,"Mumbai - Bandra",Cheque,RCP600771
LN100350,05/03/2024,51566,51566,"Mumbai - Bandra",Auto Debit,RCP600772
LN100351,11/26/2024,19723,19723,"Jaipur - Malviya Nagar",Auto Debit,RCP600773
LN100351,12/26/2024,19723,19723,"Jaipur - Malviya Nagar",Auto Debit,RCP600774
LN100351,01/25/2025,"19,723",19723,"Jaipur - Malviya Nagar",UPI,RCP600775
LN100352,01/21/2025,"0",82009,"Pune - Hinjewadi",NEFT,RCP600776
LN100354,10/11/2024,0,66774,"Pune - Kothrud",Cheque,RCP600777
LN100354,11/10/2024,"33,387",66774,"Pune - Kothrud",Cheque,RCP600778
LN100354,12/10/2024,0,66774,"Pune - Kothrud",NEFT,RCP600779
LN100357,06/26/2024,66135,66135,"Bengaluru - Indiranagar",NEFT,RCP600780
LN100357,07/26/2024,66135,66135,"Bengaluru - Indiranagar",Cheque,RCP600781
LN100357,08/25/2024,33068,66135,"Bengaluru - Indiranagar",UPI,RCP600782
LN100357,09/24/2024,66135,66135,"Bengaluru - Indiranagar",ACH,RCP600783
LN100358,08/04/2025,33133,33133,"Bengaluru - Indiranagar",NEFT,RCP600784
LN100358,09/03/2025,33133,33133,"Bengaluru - Indiranagar",Auto Debit,RCP600785
LN100358,10/03/2025,33133,33133,"Bengaluru - Indiranagar",UPI,RCP600786
LN100359,07/17/2025,241988,241988,"Mumbai - Andheri",UPI,RCP600787
LN100360,07/08/2025,"1,15,756",115756,"Pune - Kothrud",NEFT,RCP600788
LN100361,08/03/2024,"1,14,369",114369,"Pune - Kothrud",Cash,RCP600789
LN100361,09/02/2024,"1,14,369",114369,"Pune - Kothrud",UPI,RCP600790
LN100361,10/02/2024,114369,114369,"Pune - Kothrud",UPI,RCP600791
LN100361,11/01/2024,114369,114369,"Pune - Kothrud",Cheque,RCP600792
LN100362,09/19/2025,13510,13510,"Chennai - T Nagar",Cash,RCP600793
LN100362,10/19/2025,13510,13510,"Chennai - T Nagar",ACH,RCP600794
LN100363,11/17/2024,54683,54683,"Chennai - T Nagar",UPI,RCP600795
LN100363,12/17/2024,54683,54683,"Chennai - T Nagar",UPI,RCP600796
LN100363,01/16/2025,54683,54683,"Chennai - T Nagar",Cash,RCP600797
LN100364,04/24/2024,131871,131871,"Chennai - T Nagar",ACH,RCP600798
LN100364,05/24/2024,131871,131871,"Chennai - T Nagar",ACH,RCP600799
LN100364,06/23/2024,131871,131871,"Chennai - T Nagar",Cash,RCP600800
LN100364,07/23/2024,131871,131871,"Chennai - T Nagar",UPI,RCP600801
LN100365,07/20/2025,19973,19973,"Pune - Hinjewadi",Cheque,RCP600802
LN100365,08/19/2025,19973,19973,"Pune - Hinjewadi",Cash,RCP600803
LN100365,09/18/2025,9987,19973,"Pune - Hinjewadi",NEFT,RCP600804
LN100365,10/18/2025,19973,19973,"Pune - Hinjewadi",UPI,RCP600805
LN100366,10/01/2025,"1,58,580",158580,"Lucknow - Hazratganj",Auto Debit,RCP600806
LN100366,10/31/2025,158580,158580,"Lucknow - Hazratganj",Auto Debit,RCP600807
LN100366,11/30/2025,158580,158580,"Lucknow - Hazratganj",Auto Debit,RCP600808
LN100366,12/30/2025,"1,58,580",158580,"Lucknow - Hazratganj",Cash,RCP600809
LN100368,12/26/2024,"9,067",9067,"Mumbai - Bandra",Cash,RCP600810
LN100368,01/25/2025,"9,067",9067,"Mumbai - Bandra",ACH,RCP600811
LN100368,02/24/2025,9067,9067,"Mumbai - Bandra",Auto Debit,RCP600812
LN100368,03/26/2025,9067,9067,"Mumbai - Bandra",Cash,RCP600813
LN100369,07/15/2024,0,175528,"Pune - Hinjewadi",UPI,RCP600814
LN100369,08/14/2024,87764,175528,"Pune - Hinjewadi",Cash,RCP600815
LN100369,09/13/2024,175528,175528,"Pune - Hinjewadi",Auto Debit,RCP600816
LN100369,10/13/2024,0,175528,"Pune - Hinjewadi",ACH,RCP600817
LN100370,05/03/2025,80945,80945,"Pune - Kothrud",NEFT,RCP600818
LN100370,06/02/2025,80945,80945,"Pune - Kothrud",ACH,RCP600819
LN100371,05/25/2024,10023,10023,"Mumbai - Bandra",Cash,RCP600820
LN100371,06/24/2024,10023,10023,"Mumbai - Bandra",ACH,RCP600821
LN100371,07/24/2024,10023,10023,"Mumbai - Bandra",NEFT,RCP600822
LN100372,10/13/2024,85338,170676,"Mumbai - Bandra",ACH,RCP600823
LN100373,01/30/2025,72325,72325,"Bengaluru - Indiranagar",Cash,RCP600824
LN100373,03/01/2025,36163,72325,"Bengaluru - Indiranagar",ACH,RCP600825
LN100373,03/31/2025,"72,325",72325,"Bengaluru - Indiranagar",NEFT,RCP600826
LN100373,04/30/2025,72325,72325,"Bengaluru - Indiranagar",NEFT,RCP600827
LN100374,07/25/2024,9729,9729,"Pune - Hinjewadi",UPI,RCP600828
LN100374,08/24/2024,9729,9729,"Pune - Hinjewadi",NEFT,RCP600829
LN100374,09/23/2024,9729,9729,"Pune - Hinjewadi",Cash,RCP600830
LN100375,12/27/2024,13218,13218,"Jaipur - Malviya Nagar",NEFT,RCP600831
LN100375,01/26/2025,"13,218",13218,"Jaipur - Malviya Nagar",Cheque,RCP600832
LN100375,02/25/2025,13218,13218,"Jaipur - Malviya Nagar",Auto Debit,RCP600833
LN100376,08/03/2025,51066,51066,"Mumbai - Bandra",Auto Debit,RCP600834
LN100377,03/05/2024,10799,10799,"Mumbai - Bandra",UPI,RCP600835
LN100377,04/04/2024,10799,10799,"Mumbai - Bandra",Auto Debit,RCP600836
LN100377,05/04/2024,"10,799",10799,"Mumbai - Bandra",UPI,RCP600837
LN100377,06/03/2024,5400,10799,"Mumbai - Bandra",Cheque,RCP600838
LN100378,01/13/2025,51392,51392,"Lucknow - Hazratganj",NEFT,RCP600839
LN100379,03/30/2025,17203,17203,"Bengaluru - Indiranagar",ACH,RCP600840
LN100379,04/29/2025,"17,203",17203,"Bengaluru - Indiranagar",UPI,RCP600841
LN100379,05/29/2025,17203,17203,"Bengaluru - Indiranagar",ACH,RCP600842
LN100380,03/30/2024,"1,40,529",140529,"Bengaluru - Whitefield",Cheque,RCP600843
LN100380,04/29/2024,140529,140529,"Bengaluru - Whitefield",NEFT,RCP600844
LN100380,05/29/2024,140529,140529,"Bengaluru - Whitefield",ACH,RCP600845
LN100380,06/28/2024,140529,140529,"Bengaluru - Whitefield",ACH,RCP600846
LN100381,10/09/2025,51795,51795,"Mumbai - Bandra",ACH,RCP600847
LN100381,11/08/2025,"51,795",51795,"Mumbai - Bandra",Cash,RCP600848
LN100382,08/07/2025,130687,130687,"Mumbai - Bandra",Cash,RCP600849
LN100382,09/06/2025,65344,130687,"Mumbai - Bandra",UPI,RCP600850
LN100382,10/06/2025,130687,130687,"Mumbai - Bandra",Auto Debit,RCP600851
LN100382,11/05/2025,130687,130687,"Mumbai - Bandra",ACH,RCP600852
LN100384,01/31/2025,64618,64618,"Jaipur - Malviya Nagar",Cheque,RCP600853
LN100384,03/02/2025,0,64618,"Jaipur - Malviya Nagar",Auto Debit,RCP600854
LN100384,04/01/2025,"0",64618,"Jaipur - Malviya Nagar",Cheque,RCP600855
LN100385,05/15/2024,"18,240",18240,"Jaipur - Malviya Nagar",Cheque,RCP600856
LN100385,06/14/2024,18240,18240,"Jaipur - Malviya Nagar",Auto Debit,RCP600857
LN100385,07/14/2024,18240,18240,"Jaipur - Malviya Nagar",UPI,RCP600858
LN100386,09/08/2025,"35,866",35866,"Bengaluru - Indiranagar",Cash,RCP600859
LN100386,10/08/2025,35866,35866,"Bengaluru - Indiranagar",Cash,RCP600860
LN100386,11/07/2025,35866,35866,"Bengaluru - Indiranagar",Auto Debit,RCP600861
LN100387,03/26/2025,5092,5092,"Mumbai - Andheri",ACH,RCP600862
LN100388,07/25/2025,70088,70088,"Pune - Kothrud",Cheque,RCP600863
LN100388,08/24/2025,70088,70088,"Pune - Kothrud",UPI,RCP600864
LN100388,09/23/2025,70088,70088,"Pune - Kothrud",Cheque,RCP600865
LN100389,08/29/2024,392587,392587,"Jaipur - Malviya Nagar",Auto Debit,RCP600866
LN100390,09/28/2025,83996,83996,"Hyderabad - Gachibowli",NEFT,RCP600867
LN100390,10/28/2025,83996,83996,"Hyderabad - Gachibowli",NEFT,RCP600868
LN100390,11/27/2025,83996,83996,"Hyderabad - Gachibowli",Cash,RCP600869
LN100391,10/01/2025,"40,476",40476,"Chennai - T Nagar",Auto Debit,RCP600870
LN100391,10/31/2025,40476,40476,"Chennai - T Nagar",ACH,RCP600871
LN100391,11/30/2025,40476,40476,"Chennai - T Nagar",NEFT,RCP600872
LN100391,12/30/2025,40476,40476,"Chennai - T Nagar",NEFT,RCP600873
LN100392,03/15/2024,"33,444",33444,"Bengaluru - Whitefield",Auto Debit,RCP600874
LN100392,04/14/2024,16722,33444,"Bengaluru - Whitefield",UPI,RCP600875
LN100392,05/14/2024,33444,33444,"Bengaluru - Whitefield",Cash,RCP600876
LN100393,08/08/2024,23996,23996,"Bengaluru - Indiranagar",Auto Debit,RCP600877
LN100393,09/07/2024,23996,23996,"Bengaluru - Indiranagar",Cheque,RCP600878
LN100393,10/07/2024,11998,23996,"Bengaluru - Indiranagar",Cash,RCP600879
LN100394,07/07/2024,63949,63949,"Pune - Kothrud",NEFT,RCP600880
LN100394,08/06/2024,63949,63949,"Pune - Kothrud",Cash,RCP600881
LN100395,06/05/2025,"34,855",34855,"Mumbai - Andheri",Cash,RCP600882
LN100395,07/05/2025,34855,34855,"Mumbai - Andheri",NEFT,RCP600883
LN100395,08/04/2025,"34,855",34855,"Mumbai - Andheri",Cash,RCP600884
LN100395,09/03/2025,34855,34855,"Mumbai - Andheri",Cheque,RCP600885
LN100396,09/19/2025,"0",42450,"Bengaluru - Indiranagar",UPI,RCP600886
LN100396,10/19/2025,0,42450,"Bengaluru - Indiranagar",ACH,RCP600887
LN100396,11/18/2025,42450,42450,"Bengaluru - Indiranagar",Cheque,RCP600888
LN100397,08/21/2025,53300,53300,"Hyderabad - Gachibowli",Auto Debit,RCP600889
LN100397,09/20/2025,53300,53300,"Hyderabad - Gachibowli",UPI,RCP600890
LN100397,10/20/2025,53300,53300,"Hyderabad - Gachibowli",NEFT,RCP600891
LN100398,07/16/2025,76445,76445,"Bengaluru - Indiranagar",Cash,RCP600892
LN100398,08/15/2025,76445,76445,"Bengaluru - Indiranagar",NEFT,RCP600893
LN100398,09/14/2025,"76,445",76445,"Bengaluru - Indiranagar",Cash,RCP600894
LN100399,08/20/2024,"16,755",16755,"Chennai - T Nagar",Auto Debit,RCP600895
LN100399,09/19/2024,16755,16755,"Chennai - T Nagar",ACH,RCP600896
LN100399,10/19/2024,"8,378",16755,"Chennai - T Nagar",Cash,RCP600897
LN100400,05/16/2024,"22,794",22794,"Pune - Kothrud",Cash,RCP600898
LN100401,08/04/2024,"64,364",64364,"Hyderabad - Gachibowli",UPI,RCP600899
LN100401,09/03/2024,32182,64364,"Hyderabad - Gachibowli",Auto Debit,RCP600900
LN100401,10/03/2024,64364,64364,"Hyderabad - Gachibowli",ACH,RCP600901
LN100401,11/02/2024,"64,364",64364,"Hyderabad - Gachibowli",Auto Debit,RCP600902
LN100402,06/13/2025,43349,43349,"Lucknow - Hazratganj",Cash,RCP600903
LN100403,05/22/2024,17827,17827,"Hyderabad - Gachibowli",NEFT,RCP600904
LN100403,06/21/2024,"17,827",17827,"Hyderabad - Gachibowli",NEFT,RCP600905
LN100404,02/13/2025,100733,100733,"Bengaluru - Indiranagar",Cash,RCP600906
LN100405,07/25/2025,47449,47449,"Pune - Hinjewadi",ACH,RCP600907
LN100405,08/24/2025,47449,47449,"Pune - Hinjewadi",Auto Debit,RCP600908
LN100406,01/14/2025,"90,147",90147,"Pune - Hinjewadi",UPI,RCP600909
LN100406,02/13/2025,90147,90147,"Pune - Hinjewadi",Auto Debit,RCP600910
LN100406,03/15/2025,90147,90147,"Pune - Hinjewadi",UPI,RCP600911
LN100406,04/14/2025,90147,90147,"Pune - Hinjewadi",NEFT,RCP600912
LN100407,10/07/2025,39091,39091,"Pune - Hinjewadi",UPI,RCP600913
LN100407,11/06/2025,39091,39091,"Pune - Hinjewadi",ACH,RCP600914
LN100407,12/06/2025,39091,39091,"Pune - Hinjewadi",Auto Debit,RCP600915
LN100408,08/04/2024,18446,18446,"Bengaluru - Whitefield",NEFT,RCP600916
LN100408,09/03/2024,"18,446",18446,"Bengaluru - Whitefield",Auto Debit,RCP600917
LN100408,10/03/2024,"18,446",18446,"Bengaluru - Whitefield",Cash,RCP600918
LN100408,11/02/2024,18446,18446,"Bengaluru - Whitefield",Auto Debit,RCP600919
LN100409,06/01/2025,"10,791",10791,"Pune - Kothrud",Cash,RCP600920
LN100409,07/01/2025,10791,10791,"Pune - Kothrud",Cheque,RCP600921
LN100409,07/31/2025,10791,10791,"Pune - Kothrud",UPI,RCP600922
LN100409,08/30/2025,10791,10791,"Pune - Kothrud",Cheque,RCP600923
LN100410,09/03/2024,35875,35875,"Mumbai - Andheri",NEFT,RCP600924
LN100410,10/03/2024,35875,35875,"Mumbai - Andheri",NEFT,RCP600925
LN100410,11/02/2024,"35,875",35875,"Mumbai - Andheri",Cash,RCP600926
LN100411,10/24/2025,"96,128",96128,"Mumbai - Andheri",ACH,RCP600927
LN100411,11/23/2025,"48,064",96128,"Mumbai - Andheri",Auto Debit,RCP600928
LN100411,12/23/2025,"96,128",96128,"Mumbai - Andheri",Cheque,RCP600929
LN100412,05/06/2024,63896,63896,"Lucknow - Hazratganj",Cash,RCP600930
LN100412,06/05/2024,"31,948",63896,"Lucknow - Hazratganj",NEFT,RCP600931
LN100413,12/26/2024,68549,68549,"Chennai - T Nagar",NEFT,RCP600932
LN100413,01/25/2025,68549,68549,"Chennai - T Nagar",UPI,RCP600933
LN100413,02/24/2025,68549,68549,"Chennai - T Nagar",ACH,RCP600934
LN100413,03/26/2025,"68,549",68549,"Chennai - T Nagar",Auto Debit,RCP600935
LN100414,07/18/2025,47372,47372,"Pune - Hinjewadi",Auto Debit,RCP600936
LN100414,08/17/2025,23686,47372,"Pune - Hinjewadi",Cheque,RCP600937
LN100415,03/09/2025,9774,9774,"Bengaluru - Whitefield",Cash,RCP600938
LN100416,02/16/2024,127809,127809,"Chennai - T Nagar",Auto Debit,RCP600939
LN100417,03/31/2024,"85,442",85442,"Bengaluru - Whitefield",UPI,RCP600940
LN100418,04/24/2024,15975,31950,"Lucknow - Hazratganj",Auto Debit,RCP600941
LN100419,01/11/2025,108880,108880,"Jaipur - Malviya Nagar",Auto Debit,RCP600942
LN100419,02/10/2025,"1,08,880",108880,"Jaipur - Malviya Nagar",ACH,RCP600943